customer_id,probability
6815,0.34512785
27914,0.64418304
31385,0.18727387
38084,0.29976082
78659,0.30574656
85327,0.41669816
85635,0.32732832
168767,0.78740233
172390,0.36977756
186730,0.39457613
279454,0.89209914
302489,0.48060542
312146,0.7427772
461627,0.4851602
493506,0.8924272
498222,0.294554
516081,0.08643673
544719,0.7279229
570018,0.8555283
603086,0.736531
610375,0.64805007
611788,0.4532498
621247,0.08769663
630248,0.4556419
701335,0.74999255
750056,0.55014426
760558,0.35233036
775341,0.097058505
784488,0.14847897
815836,0.8424612
824085,0.21754815
867851,0.30028856
890531,0.5524783
904122,0.8582787
927818,0.7779024
938354,0.43977487
954126,0.33485028
984867,0.18585166
987798,0.3445163
1013552,0.31238407
1020634,0.41102856
1029705,0.25697538
1099483,0.48981473
1133595,0.74629796
1136140,0.8227293
1217764,0.77714807
1230741,0.6672711
1256938,0.2194151
1291480,0.58944553
1298146,0.80632937
1336622,0.5261872
1377061,0.16962643
1508066,0.5245735
1541259,0.22640227
1562005,0.83366495
1567291,0.37402856
1568833,0.28673965
1626561,0.8517067
1643831,0.2204318
1645333,0.59831583
1691972,0.76684344
1701585,0.6288222
1716098,0.7308043
1747033,0.4034889
1748625,0.2580069
1764918,0.63889694
1798485,0.8120096
1804650,0.3831815
1810386,0.090030394
1929883,0.20163853
1936060,0.4569757
1988154,0.37942612
1994043,0.35360977
2130072,0.29303747
2151916,0.14746262
2173974,0.6791202
2219074,0.45334798
2317888,0.6736122
2354592,0.80971307
2420841,0.6237099
2426906,0.304106
2444292,0.20687076
2467346,0.21675926
2569589,0.13455199
2611958,0.6149022
2649097,0.42930606
2673490,0.79400814
2680117,0.6747433
2684078,0.52522314
2692812,0.5299545
2702587,0.4904679
2705672,0.46642163
2741822,0.7695259
2750594,0.3326586
2775006,0.21069142
2777285,0.37625214
2787811,0.31059855
2790265,0.3272817
2852393,0.64654833
2925124,0.6665412
2946788,0.31386065
2950983,0.24766056
2992932,0.35376868
3031425,0.4558086
3075545,0.2217503
3082002,0.34451213
3093845,0.9006962
3141788,0.1493671
3156819,0.3398592
3202482,0.95189035
3241242,0.5768996
3260907,0.05050593
3316837,0.34472016
3321077,0.5877177
3323243,0.51455796
3332843,0.034018796
3356075,0.5720688
3357959,0.08032569
3363940,0.21091077
3440764,0.45746803
3453773,0.8938121
3501340,0.33765897
3528539,0.4822105
3539993,0.15403722
3605631,0.3262019
3618976,0.46854496
3690249,0.4839964
3707746,0.56762034
3719119,0.42442
3729674,0.47194293
3741760,0.3034936
3743929,0.724663
3750128,0.5517099
3788060,0.5597017
3854679,0.3492041
3857377,0.40349665
3902265,0.49599943
3918071,0.36694294
3931715,0.3217495
3951882,0.17679913
4015488,0.12092278
4077097,0.20286736
4078534,0.926524
4093894,0.24280636
4181983,0.676794
4243994,0.045316
4286902,0.45679426
4303845,0.19268009
4309953,0.5031545
4314113,0.4943307
4395772,0.51944435
4415650,0.6025504
4543137,0.7196246
4610275,0.52084756
4612839,0.6988802
4618247,0.28688043
4631488,0.4289781
4638377,0.28619668
4662805,0.54807025
4681159,0.7075976
4690246,0.25893456
4707466,0.38133925
4725454,0.36729655
4730614,0.39021602
4736715,0.73200685
4740895,0.40817314
4747261,0.16208528
4829848,0.3911315
4840730,0.47412112
4895767,0.31360683
4896321,0.81881964
4904693,0.48862883
4913258,0.28653666
5003413,0.554801
5010022,0.67033905
5030826,0.8487047
5038906,0.21322447
5063900,0.7237073
5079103,0.3721907
5080512,0.36451018
5102946,0.5728826
5115320,0.35907525
5128692,0.35363567
5129634,0.4300638
5179705,0.12570518
5191421,0.34089074
5222307,0.95604897
5234323,0.14868909
5249686,0.57663053
5253697,0.60081637
5285278,0.6103308
5288179,0.56847346
5301525,0.11441718
5308727,0.9352962
5351670,0.4587018
5353298,0.7921595
5360260,0.34639823
5377646,0.57994395
5413522,0.2525672
5437224,0.8149861
5442432,0.4954873
5466673,0.4464904
5471887,0.17853546
5509085,0.7555645
5522306,0.17701809
5529000,0.12473897
5534381,0.4580971
5542063,0.6676326
5546147,0.24548781
5591410,0.8470836
5593463,0.71811974
5595865,0.4738152
5620816,0.37359354
5650565,0.31676936
5680412,0.18104847
5684340,0.30941078
5712129,0.31274348
5728776,0.30911952
5812748,0.1830139
5813739,0.6279395
5873100,0.34048307
5904549,0.78429776
5917074,0.48794058
5932512,0.6980956
5947256,0.81435335
5962572,0.10218528
5963521,0.4494175
5979147,0.5300486
5987772,0.24399234
6022714,0.46911302
6028275,0.90296245
6057858,0.55368537
6070760,0.59620243
6095580,0.15005228
6128165,0.2845096
6168444,0.50078523
6180127,0.16437866
6201435,0.41668072
6229170,0.26470467
6230637,0.45766792
6237240,0.70716256
6260068,0.80648637
6263636,0.9117005
6297061,0.8950765
6299035,0.060232416
6342326,0.4837649
6419331,0.91794324
6506523,0.7339067
6512034,0.076937445
6563583,0.21800093
6693917,0.3297701
6740969,0.9087235
6743603,0.32735983
6777272,0.63704556
6781439,0.7246896
6802435,0.36714667
6808459,0.8758188
6812280,0.7046921
6833739,0.36300427
6912082,0.54741335
6959386,0.27880692
6967729,0.46185705
6987246,0.45885384
6992283,0.06872389
7031302,0.48105654
7036054,0.6213787
7042491,0.36057702
7050763,0.077959746
7054459,0.7664379
7063514,0.45036644
7154063,0.67547417
7176009,0.5699764
7190640,0.15277466
7259712,0.33491698
7260407,0.0898545
7274248,0.5098803
7277718,0.58989054
7286014,0.20792913
7334738,0.2584814
7417224,0.111603424
7443671,0.41043088
7468632,0.51199585
7481941,0.60569584
7515266,0.65566486
7529955,0.34444362
7643575,0.5332704
7738852,0.12370033
7802693,0.32216465
7825000,0.8710038
7928829,0.27362698
7941670,0.5146947
7992478,0.45462665
8005009,0.86253864
8014460,0.1525529
8039667,0.46745515
8039989,0.33331487
8057640,0.5876984
8117702,0.3050319
8147226,0.2366865
8180711,0.31583047
8232432,0.3284185
8242368,0.50099283
8251225,0.12720172
8260849,0.18699464
8269375,0.42208523
8311063,0.47430342
8318445,0.75769305
8320225,0.18571897
8411774,0.41088513
8495915,0.34744757
8508392,0.13149093
8572281,0.3717196
8605057,0.42735955
8610584,0.6064436
8632843,0.34668684
8673276,0.57438123
8682085,0.8342349
8685331,0.15517169
8785015,0.16696943
8806206,0.1967703
8822658,0.85064876
8836504,0.43547007
8890644,0.5154436
8958297,0.36619917
9018309,0.4176649
9054088,0.19743544
9074485,0.58606905
9085668,0.36256993
9093576,0.5018887
9094483,0.264906
9099643,0.60194695
9149677,0.46995234
9184053,0.6046048
9185026,0.4909763
9211054,0.4642447
9256099,0.2900203
9305819,0.60180473
9363087,0.32850516
9373238,0.5221415
9384247,0.11318731
9398001,0.45405713
9416660,0.36185026
9435622,0.8061005
9659665,0.5038768
9672790,0.29148892
9688107,0.47341773
9700419,0.43256095
9807993,0.6839365
9841413,0.9128491
9863722,0.2570862
9871840,0.34948257
9894840,0.47546062
9899289,0.8247473
9906759,0.20636074
9962760,0.4839957
9992069,0.8651323
10005741,0.95455223
10011328,0.9271864
10014090,0.17251205
10018695,0.3474825
10023080,0.8042346
10034284,0.53508073
10067396,0.25674483
10078312,0.47658268
10094853,0.47663888
10126330,0.29992154
10179649,0.50939643
10252148,0.8766818
10257726,0.49043396
10280886,0.31324056
10304262,0.70058894
10334951,0.5324968
10403039,0.36965787
10464121,0.1831612
10476857,0.5160092
10519292,0.56466836
10524021,0.2988573
10598219,0.31675085
10682079,0.7224098
10685683,0.47350007
10690962,0.119739786
10696706,0.5673664
10722119,0.740225
10727511,0.44263044
10759723,0.5793041
10774706,0.5438407
10888907,0.36662775
10909988,0.49996954
10915793,0.74806285
10967870,0.18334474
11073241,0.12223017
11094849,0.18767707
11123573,0.16728766
11142969,0.43963552
11143956,0.32876202
11234608,0.24327454
11259870,0.27266258
11327023,0.6238691
11349383,0.1681318
11365859,0.11424062
11381668,0.64405364
11397041,0.63324785
11434701,0.44139042
11446286,0.17897196
11460051,0.3070028
11476779,0.18442528
11529524,0.51373357
11562634,0.21694691
11573006,0.84325194
11625700,0.8316537
11627763,0.4022604
11631304,0.40752986
11631823,0.50227684
11637315,0.8724987
11661664,0.32945958
11671863,0.51535296
11691762,0.21788438
11738678,0.7901516
11765794,0.2962372
11777784,0.358597
11851829,0.25639024
11925955,0.18448095
11931236,0.40316775
11931380,0.3159136
11935430,0.39296642
12042186,0.8024675
12053904,0.5272414
12056620,0.33816186
12069120,0.12724873
12116728,0.090795755
12252020,0.8610455
12261215,0.8443607
12273634,0.22909096
12279093,0.738409
12282192,0.31038433
12289409,0.5812797
12342280,0.5948741
12390619,0.8044848
12434084,0.19459848
12437618,0.19966991
12448845,0.17820546
12468790,0.30964276
12520991,0.3330694
12528382,0.36389562
12542015,0.111585274
12564682,0.4355317
12596291,0.7104672
12610287,0.63756925
12680585,0.30722016
12697220,0.5942313
12701940,0.39702156
12707826,0.4949735
12711646,0.8041253
12728902,0.45223868
12785195,0.6589589
12914769,0.589316
12925117,0.61204505
12932872,0.5216424
12976812,0.5388758
12981242,0.39587915
12981808,0.8908397
13011786,0.7979672
13179575,0.10619785
13182172,0.2240529
13191753,0.42260122
13241753,0.227754
13245340,0.5378527
13246133,0.90396637
13260220,0.4282688
13267878,0.37773007
13324952,0.3563505
13325805,0.7030743
13358704,0.26658788
13389616,0.35555604
13418393,0.8791109
13422613,0.7233893
13451353,0.5432439
13520040,0.25984553
13528851,0.8036132
13552331,0.6705804
13554236,0.19534428
13568964,0.56303394
13572234,0.22213683
13602205,0.35450935
13605073,0.86578184
13620003,0.59878623
13637343,0.28166807
13659037,0.15255587
13670238,0.3062134
13672389,0.58229613
13734049,0.44777715
13751660,0.2708522
13825301,0.23201127
13868306,0.32754382
13872241,0.49208602
13888991,0.5996
13889184,0.8769025
13910371,0.09693828
14101528,0.40923312
14143258,0.5743968
14154413,0.49264678
14166485,0.87725556
14178332,0.76861465
14180180,0.3382669
14221391,0.7214373
14248648,0.71579295
14267405,0.18905875
14330113,0.49692932
14331004,0.9488445
14353260,0.87040025
14382698,0.42093897
14409598,0.8252424
14444565,0.48853675
14454081,0.39752743
14476637,0.37755325
14551898,0.1543752
14602021,0.2841594
14630687,0.34817845
14656498,0.27633005
14682884,0.8776398
14711088,0.33439967
14736748,0.27565143
14739087,0.6014228
14866430,0.84139574
14872527,0.3336898
14875577,0.5330811
14892960,0.586442
14937933,0.5264393
14953743,0.4907008
14980520,0.82094836
14988970,0.87151426
14990644,0.5997833
15004238,0.26130375
15031489,0.55428
15044221,0.28414533
15053840,0.95608777
15058566,0.10462855
15088828,0.38166386
15142137,0.03739085
15166647,0.23169653
15197816,0.885804
15206594,0.13952662
15218842,0.4723502
15282992,0.099122606
15283573,0.2988793
15325309,0.7519645
15413183,0.4473976
15458619,0.40501103
15496197,0.5428373
15510666,0.42513952
15515571,0.59509397
15577036,0.8214884
15577985,0.48854768
15590380,0.663812
15598730,0.34351406
15600058,0.3519343
15604721,0.36579362
15611978,0.24419084
15626188,0.34169638
15626531,0.2661022
15729290,0.4012556
15767586,0.30651435
15826213,0.67862004
15836028,0.32528338
15836839,0.49783397
15841147,0.42700368
15847149,0.41670498
15856748,0.6606081
15867759,0.48981518
15894791,0.2496345
15926722,0.6039236
15956854,0.35903803
15964289,0.2986057
16048969,0.21333915
16049334,0.9353717
16057697,0.29983404
16089461,0.74076134
16198741,0.85801023
16213543,0.7211133
16253417,0.35699216
16274002,0.7575287
16295869,0.28117022
16359236,0.90906763
16371796,0.2014398
16392564,0.53066677
16393345,0.43741417
16395398,0.21570055
16395910,0.4129971
16419087,0.1769915
16454787,0.81251466
16462973,0.74747694
16505024,0.85214376
16527738,0.8204631
16563089,0.5926945
16563768,0.5259926
16568750,0.5650852
16579578,0.6316113
16585493,0.31097665
16588270,0.42677516
16604678,0.47981086
16617908,0.09716163
16622470,0.45501518
16634239,0.7770578
16697632,0.6913406
16744894,0.9019902
16745983,0.36662984
16768663,0.65670913
16843415,0.49109375
16862454,0.5571243
16938566,0.78119195
16967590,0.3338955
17090426,0.6362045
17095064,0.68727845
17096335,0.8363474
17096973,0.61783713
17113299,0.3879977
17120363,0.28775966
17120770,0.2922934
17166860,0.23329109
17168015,0.48552242
17171316,0.24087426
17173846,0.058695592
17260193,0.4574888
17292612,0.54978573
17302287,0.24831596
17306217,0.24523889
17340837,0.69871026
17392669,0.45151135
17396832,0.22219309
17422997,0.58627224
17447144,0.47241467
17459382,0.18171848
17576256,0.22554043
17580250,0.51581955
17589274,0.3937198
17661325,0.17815955
17703557,0.7313538
17703907,0.11014271
17737985,0.5290334
17750079,0.81505656
17755070,0.6295662
17761745,0.65346223
17774807,0.8000511
17832283,0.45307973
17859769,0.31677955
17880785,0.78836507
17888939,0.5854727
17899884,0.8199065
17908138,0.34012732
17914429,0.054535404
17958840,0.26111132
17979664,0.10068509
18000572,0.3051809
18029928,0.25187373
18032393,0.43029964
18126138,0.19322763
18152172,0.5788982
18213223,0.17985609
18213962,0.6856301
18230930,0.35928687
18256987,0.7495438
18263937,0.3383058
18293426,0.22931267
18321497,0.5761652
18344091,0.20422192
18348644,0.5865506
18366978,0.47801745
18454528,0.6591732
18470346,0.7575134
18488176,0.154089
18501812,0.88372767
18528564,0.39359394
18562357,0.25145832
18571719,0.6224048
18746693,0.7448878
18798580,0.32233468
18812819,0.55730444
18877330,0.3491643
18879570,0.64252186
18904103,0.49175248
18904103,0.5177647
18935419,0.07338983
18935754,0.5667892
18965515,0.6522491
19006787,0.044703394
19031983,0.44351175
19061005,0.8286932
19101727,0.5732843
19110007,0.21405225
19239257,0.4144421
19261311,0.6105133
19282673,0.9401865
19345776,0.42557263
19375709,0.45179585
19380379,0.39661613
19404141,0.3948369
19425991,0.3932226
19438089,0.7733586
19621396,0.83597434
19624198,0.83896166
19633697,0.1087742
19635150,0.6389176
19644719,0.57647914
19652861,0.2152799
19711526,0.4613063
19718389,0.29238337
19769561,0.47851232
19805868,0.46785685
19837712,0.45157593
19860515,0.7609271
19886336,0.1659664
19903269,0.12879196
19922031,0.32142663
19954875,0.80002975
19968378,0.57007766
20018771,0.48386228
20081482,0.6147655
20083809,0.5926582
20160829,0.23333323
20161090,0.37069115
20172188,0.50383836
20172819,0.541968
20190882,0.19006407
20200542,0.11798074
20200583,0.397927
20244690,0.3101979
20254708,0.07740077
20266038,0.41290218
20297899,0.6935542
20320139,0.70946753
20352822,0.4453698
20357009,0.30242565
20358875,0.6292632
20366336,0.21198608
20370696,0.20909297
20371922,0.3118879
20381429,0.6931115
20387931,0.90585285
20391178,0.4037191
20467257,0.46632403
20524734,0.36567596
20539604,0.75590944
20580998,0.17893799
20614300,0.8271391
20636171,0.39870015
20645905,0.3570153
20646461,0.41165006
20698661,0.5971313
20784292,0.08343013
20789093,0.38086048
20795048,0.5179803
20852671,0.57658136
20881726,0.30717808
20910492,0.21993276
20931581,0.27311015
20962886,0.4016109
20963156,0.49160102
20977835,0.82347393
20984811,0.73854756
20993674,0.38441765
20995341,0.42646828
21002565,0.46150357
21019874,0.36162388
21077584,0.42945877
21143923,0.44029164
21153587,0.50492805
21215477,0.7744299
21227440,0.22010045
21248516,0.5033986
21262060,0.11576467
21275495,0.4259364
21328244,0.64009935
21330554,0.6529115
21335190,0.3454561
21396319,0.48089296
21489148,0.40070084
21493304,0.34529412
21512738,0.44027036
21527087,0.46497637
21632339,0.4119859
21638159,0.35722756
21717419,0.82506174
21770327,0.5020589
21835349,0.77919316
21842478,0.90246356
21859319,0.19284758
21865414,0.4947901
21869965,0.32102972
21871084,0.57867706
21882934,0.562671
21883222,0.20716119
21888387,0.30639023
21940747,0.70352453
21947799,0.29951137
21968868,0.13052006
22000295,0.48589826
22061791,0.6806769
22147183,0.8300574
22161142,0.6080627
22162475,0.29895368
22179409,0.34672078
22199923,0.5964206
22203942,0.72669816
22235271,0.8342577
22242402,0.19827828
22255163,0.8648405
22331456,0.4458047
22333911,0.6724263
22338028,0.31610146
22364003,0.40792063
22407584,0.2546733
22435534,0.48023024
22490308,0.37706587
22490949,0.11848836
22544752,0.41526526
22576987,0.8331219
22617472,0.8417972
22665815,0.6833087
22669958,0.8670748
22687518,0.8855765
22688666,0.33749157
22739382,0.2707705
22756680,0.19077706
22771802,0.56440127
22772988,0.40675968
22787448,0.21797334
22850599,0.50005263
22986190,0.69161385
23014262,0.94928354
23015407,0.32813653
23030452,0.45626086
23031582,0.35610157
23060623,0.6268622
23097908,0.2961745
23160845,0.28014138
23175388,0.25586107
23188180,0.18392426
23190416,0.20280424
23204999,0.38843882
23207606,0.46502075
23234918,0.426496
23293291,0.1831957
23303521,0.57098687
23329206,0.10507875
23329654,0.06251156
23370346,0.22953972
23378995,0.78209496
23404507,0.41621292
23409492,0.5897001
23410682,0.76315945
23414531,0.52089703
23427716,0.39326352
23513295,0.34028122
23524823,0.7462587
23529792,0.2550847
23667900,0.4953385
23690961,0.32934457
23696398,0.7934274
23702730,0.13840494
23758146,0.54572266
23833911,0.6833361
23834826,0.5557401
23840539,0.349028
23849001,0.28815457
23878723,0.47967663
23912204,0.5588981
23924835,0.79772425
23940292,0.93340266
23942860,0.56206983
23993168,0.30643103
23999534,0.5135415
24048165,0.38859764
24076035,0.3744122
24076942,0.52074236
24105909,0.24607061
24114731,0.21823052
24119285,0.3120851
24133283,0.8025815
24140887,0.84512377
24186770,0.46248707
24201843,0.57071847
24224910,0.91241384
24250698,0.644059
24270279,0.21611996
24271809,0.0868134
24316154,0.83634347
24359783,0.46845338
24403379,0.7665228
24436367,0.7412594
24485988,0.5394514
24504312,0.56331736
24521666,0.30526862
24599321,0.4828505
24603771,0.5178887
24638488,0.84262854
24654877,0.4010648
24657317,0.18629414
24675050,0.33806372
24806693,0.52871686
24812943,0.62529427
24825702,0.9137728
24840888,0.37510756
24864601,0.68912786
24885229,0.101263486
24915105,0.45449948
24951191,0.92792696
24953128,0.5026341
24965506,0.9646731
24998223,0.54180706
25008534,0.22900923
25013975,0.31121203
25014745,0.6764382
25022645,0.19531311
25059462,0.74821806
25060635,0.19143306
25063166,0.44076145
25075275,0.4698259
25092334,0.3881376
25174482,0.22583887
25203159,0.31673214
25227354,0.52612776
25252032,0.070830934
25270793,0.01557425
25290690,0.3017893
25311951,0.17533727
25365246,0.39529243
25377986,0.9231696
25382978,0.3227367
25439154,0.3996489
25445257,0.64359635
25446500,0.14544967
25533019,0.86580193
25533203,0.30151013
25537795,0.55165297
25588143,0.60766435
25607693,0.50030524
25607733,0.18529616
25726952,0.8486202
25734080,0.27693123
25773882,0.4078772
25793682,0.58412623
25826539,0.24946937
25850527,0.32697704
25850578,0.56328577
25867134,0.85093486
25935635,0.42470506
25979685,0.93715006
25992960,0.6148557
26044859,0.7579449
26055781,0.19027244
26057697,0.12975034
26113070,0.724028
26138847,0.7194252
26140894,0.31222743
26147466,0.106732406
26175533,0.4899913
26215041,0.9287869
26285318,0.49676132
26314167,0.33176088
26340343,0.8217025
26342114,0.24054857
26348533,0.7427031
26358410,0.5800243
26365005,0.4315111
26396464,0.54024416
26409535,0.7478731
26447342,0.3301635
26470034,0.3373352
26485301,0.5100649
26525546,0.4123702
26530363,0.28592414
26614582,0.5326473
26653245,0.54422396
26678456,0.31335855
26689827,0.58816427
26692453,0.46018532
26698770,0.49125502
26709486,0.13794672
26746693,0.118754596
26758611,0.117124245
26847647,0.6028574
26863470,0.3113043
26952117,0.21287711
26972587,0.546418
26983288,0.43607876
27005693,0.71782976
27015970,0.11077041
27048150,0.680209
27071478,0.42847368
27087373,0.50453174
27133006,0.080828734
27147002,0.39090264
27149366,0.1386651
27151776,0.42203537
27222211,0.21505198
27233366,0.3744404
27248700,0.49058688
27255147,0.25985548
27264666,0.8848974
27282344,0.73322463
27322560,0.32168397
27328236,0.285555
27338380,0.24074441
27428580,0.8555262
27445778,0.4940376
27558571,0.2349718
27583567,0.8540645
27589190,0.80313194
27591938,0.74651
27592910,0.28303522
27686598,0.68562496
27747387,0.35255036
27821848,0.28123325
27911465,0.5686497
27966663,0.41865253
28008761,0.8813824
28014294,0.79049647
28035686,0.45727652
28051379,0.92378664
28057724,0.59578115
28074722,0.892516
28081323,0.2913008
28112647,0.4178535
28118312,0.38710582
28168112,0.4239848
28212229,0.87168986
28257491,0.4772156
28336912,0.71520346
28339867,0.88166064
28396233,0.44985363
28400001,0.12122942
28423951,0.2565391
28434818,0.19151142
28444589,0.8573632
28463720,0.8984617
28551353,0.34327948
28557894,0.63197654
28564573,0.55900127
28565998,0.24268481
28606276,0.5087352
28725127,0.29367122
28759598,0.22628853
28781763,0.54761183
28783783,0.2100064
28786138,0.7088696
28818415,0.6639004
28868771,0.7952517
28870141,0.23592205
28878220,0.31148452
28889897,0.82788783
28893182,0.22499108
28933074,0.37889874
28934622,0.36818832
28976550,0.90302247
28982398,0.72204345
29010981,0.42865768
29011261,0.097965494
29041434,0.5413195
29053196,0.73211384
29087330,0.12102794
29099060,0.16951431
29112408,0.45689675
29117858,0.55694616
29127439,0.28707626
29132189,0.2762937
29167135,0.39815152
29183544,0.5466337
29186944,0.6766033
29267573,0.2265497
29339434,0.23579487
29353035,0.4233714
29403638,0.91723937
29442850,0.4379081
29458021,0.8004036
29493830,0.8091573
29505771,0.62721145
29551787,0.48327643
29576425,0.81285733
29587179,0.39345273
29607953,0.4528511
29619922,0.6398788
29634031,0.40099192
29709918,0.32001042
29735778,0.37363493
29765684,0.57893354
29786897,0.07823596
29788602,0.24896988
29801711,0.7044641
29833434,0.6225702
29840382,0.58698404
29854751,0.22423773
29865481,0.35453162
29894123,0.630374
29898390,0.5497399
29940715,0.5182414
29967960,0.32926512
29973417,0.86967576
29983674,0.57817936
30001841,0.13071762
30006817,0.51271635
30079889,0.7965314
30085165,0.5064695
30111028,0.641613
30125207,0.33348462
30141443,0.54476017
30168354,0.55028474
30172244,0.36295655
30195213,0.3550442
30264358,0.82443583
30283845,0.3510487
30285081,0.04611844
30341243,0.34409392
30430588,0.8071863
30439633,0.5036476
30457443,0.2532815
30490199,0.27916697
30506468,0.27350095
30560785,0.83252746
30644657,0.17822345
30697873,0.9681921
30699304,0.55187976
30755081,0.19124715
30831381,0.54803526
30834367,0.61006737
30840108,0.5312208
30844520,0.56383556
30848325,0.56298333
30876640,0.3652385
30921430,0.666074
30938302,0.476071
31003635,0.8392558
31044034,0.766237
31069536,0.7811295
31100225,0.33670726
31151172,0.71224093
31156946,0.5361038
31177544,0.323033
31183339,0.23229523
31205433,0.6313179
31208282,0.53636575
31240824,0.484616
31267301,0.4514036
31279058,0.100021586
31295824,0.48224586
31301557,0.21984689
31306497,0.34150532
31311421,0.24784592
31330652,0.23889022
31333924,0.10241675
31340253,0.48371038
31360931,0.45211443
31364323,0.72268164
31401636,0.36024675
31457538,0.87144417
31513070,0.7069266
31625291,0.3893468
31637135,0.67806065
31693859,0.2821093
31696857,0.7025904
31792501,0.78285605
31810428,0.6443156
31812869,0.40845433
31835145,0.49594018
31876837,0.36869484
31886314,0.34561893
31931874,0.33569926
32036499,0.5366947
32054308,0.22312288
32092292,0.50165325
32112130,0.42685756
32161745,0.9486016
32285354,0.22183497
32312405,0.23053677
32321307,0.6911039
32351128,0.65439755
32358446,0.47532308
32374506,0.8913189
32385319,0.17714055
32395275,0.08512042
32404954,0.42802566
32429624,0.5753012
32439129,0.55888736
32454609,0.65608746
32469456,0.35708836
32508187,0.41406673
32522184,0.7332525
32531135,0.66698855
32555286,0.16494542
32581473,0.53730255
32616105,0.57505786
32621083,0.35621464
32629580,0.26209998
32632097,0.41943207
32633567,0.108083524
32634493,0.38548544
32645788,0.59636915
32704323,0.8728193
32713709,0.09296442
32731799,0.4921544
32859557,0.6711004
32894421,0.26800346
32960729,0.35898542
32976089,0.05463398
33014890,0.54682696
33026740,0.4773268
33050170,0.50532097
33164073,0.75433105
33175070,0.19074477
33247582,0.6335314
33342698,0.4172621
33343185,0.5759094
33363936,0.43974707
33387370,0.47412091
33393472,0.32088757
33419986,0.24232076
33460128,0.4887033
33467462,0.44424772
33529423,0.7352737
33535313,0.5681992
33536824,0.8232948
33576170,0.69770235
33648292,0.43941286
33666459,0.5362874
33732775,0.30453154
33734077,0.20080046
33953111,0.9439152
33966960,0.5232832
33972779,0.81753904
33973846,0.600411
34036744,0.48911992
34176319,0.57501715
34179937,0.83549637
34189519,0.25957054
34223624,0.26292163
34234802,0.9347203
34352632,0.8091266
34362299,0.2292881
34398747,0.95506936
34456298,0.59863317
34489466,0.37185612
34629057,0.28725192
34688933,0.3751956
34691946,0.18448101
34715212,0.17590335
34756635,0.28283393
34787585,0.10381161
34806331,0.092278466
34852168,0.5481352
34860405,0.40839037
34866080,0.29031724
34924644,0.06395527
34954694,0.6947425
34964311,0.382281
34988175,0.5769098
35005722,0.33754104
35082187,0.5032348
35138403,0.56447595
35172258,0.5966638
35184532,0.37433073
35247422,0.09033734
35307259,0.24329536
35319172,0.8962573
35359347,0.3523666
35414109,0.78725165
35448726,0.3720152
35492706,0.39519617
35511212,0.4223924
35516031,0.1610908
35549929,0.41709292
35553603,0.4526091
35624532,0.31945366
35643572,0.56323826
35650432,0.5819211
35663901,0.35756552
35709310,0.30084568
35759014,0.37654653
35803543,0.44368306
35822286,0.5436109
35845743,0.2565451
35849054,0.8503969
35858905,0.19247617
35866332,0.91889066
35868459,0.35852858
35905456,0.37193483
35941928,0.44553992
35953316,0.42299855
35972896,0.77984256
35991697,0.36325303
36035955,0.30320558
36092225,0.4269146
36092410,0.17204112
36117188,0.40301627
36153872,0.54216117
36162951,0.7683768
36187587,0.510854
36305254,0.29637167
36458534,0.77620447
36482800,0.20960721
36502881,0.9226321
36517351,0.090655446
36555105,0.96768636
36557220,0.33923504
36564741,0.4854052
36592809,0.6847749
36619588,0.3318838
36623340,0.69132286
36659899,0.67106324
36661620,0.3914354
36671915,0.19316375
36701802,0.7350466
36713930,0.47793096
36759361,0.7387797
36775363,0.6530292
36837532,0.6304493
36865104,0.44559532
36881891,0.5923552
36951274,0.5245489
36953699,0.5788916
36953929,0.3256055
36964057,0.84730095
36973559,0.10803511
36981135,0.5975767
36992402,0.32023525
37096892,0.31933847
37156682,0.50820756
37172387,0.14284419
37177066,0.8989007
37245184,0.29308116
37257010,0.13808373
37264362,0.3298172
37287632,0.64185524
37300700,0.13923325
37338139,0.42340133
37350713,0.55348474
37353898,0.16803259
37356584,0.56051594
37377974,0.60555685
37399762,0.45708647
37407799,0.34051952
37431906,0.4054379
37433974,0.29393736
37436581,0.47578573
37454994,0.3143044
37466831,0.09948924
37542561,0.78705376
37618982,0.73641
37632574,0.6648755
37690416,0.45574418
37714083,0.55914205
37784855,0.5049348
37849382,0.9130751
37863592,0.17738056
37942288,0.23876747
37945354,0.18359633
37949420,0.2490483
38041857,0.6076242
38073232,0.45786995
38120939,0.4235235
38127370,0.61621344
38149474,0.33042693
38191730,0.37070408
38209893,0.27408534
38225348,0.9108273
38251376,0.32784703
38506334,0.37881938
38598826,0.27208224
38634695,0.46076477
38648487,0.3375618
38657843,0.26226228
38659969,0.5268038
38685392,0.71489334
38688842,0.7303044
38689095,0.31082186
38691781,0.034168284
38738876,0.5397376
38809278,0.35299742
38819489,0.41311488
38880162,0.11623047
38928200,0.6359692
38946152,0.5678148
38971633,0.51658136
39015287,0.4412817
39156769,0.8743745
39170539,0.4573888
39171733,0.6474208
39186671,0.62606525
39189321,0.20217544
39214736,0.09474748
39216943,0.23469922
39222949,0.4237793
39226483,0.28336486
39295714,0.90507364
39310095,0.8018196
39351532,0.2230979
39354399,0.13863684
39358235,0.7307602
39510774,0.45864695
39529801,0.29286906
39548937,0.22902669
39559389,0.3991458
39561022,0.4357183
39653282,0.4175684
39656203,0.23963787
39668351,0.56694293
39697437,0.43046674
39727926,0.29892084
39777595,0.96286446
39839813,0.36714613
39860986,0.20737776
39863485,0.46966827
39887047,0.26541707
39893238,0.8009685
39919267,0.41888213
39955603,0.80319214
40020227,0.16140743
40027989,0.46812075
40072019,0.3634515
40099421,0.58123547
40122429,0.77810556
40132925,0.42775032
40133287,0.27090496
40139325,0.6268917
40143664,0.5648918
40157852,0.43247935
40190777,0.46381703
40215179,0.27650657
40282390,0.32510635
40289546,0.90431875
40295622,0.78196865
40340012,0.34959504
40383983,0.8617991
40400496,0.44390625
40425759,0.18213642
40492336,0.5578072
40493306,0.1144099
40495786,0.4786259
40532686,0.2648458
40538394,0.6308682
40544411,0.52959657
40595641,0.64959115
40659220,0.33914435
40676839,0.54579055
40703171,0.20225823
40746179,0.2715721
40758429,0.16363537
40831123,0.5195425
40864017,0.44329116
40949707,0.57315505
40979729,0.70641285
40996596,0.49921623
41077349,0.84525627
41089888,0.626437
41115094,0.25929353
41214068,0.27289322
41218578,0.8983167
41220999,0.26339275
41289120,0.504431
41313766,0.5427865
41326260,0.46517435
41359098,0.9390707
41391145,0.11966231
41393715,0.107790515
41439986,0.08349447
41452342,0.5259881
41473142,0.7282826
41564128,0.18450242
41602678,0.5999564
41629286,0.15388618
41665012,0.16159444
41708415,0.6927183
41764042,0.38142353
41846184,0.54309297
41867930,0.09448511
41880269,0.94864684
41904626,0.6816177
41945496,0.52627194
41965418,0.43014866
41967614,0.7011358
42018297,0.53323627
42024119,0.5610178
42036396,0.40332174
42065452,0.2768053
42073636,0.096675515
42118302,0.40059185
42121332,0.4748427
42145298,0.44093552
42212106,0.9541519
42224807,0.87264097
42235367,0.4529173
42316195,0.5359138
42348677,0.67851686
42358512,0.06821152
42393167,0.44636187
42426678,0.73653156
42445381,0.5820983
42450881,0.7481069
42472185,0.66608757
42535898,0.23137541
42571629,0.5117378
42577027,0.43201014
42583209,0.29505402
42640091,0.6364718
42641019,0.63306856
42689265,0.45818993
42712944,0.43928352
42828657,0.1475699
42840212,0.87509334
42860196,0.3957066
42896093,0.67464453
42911253,0.5584631
42947433,0.7700136
43021002,0.8398932
43030014,0.8485094
43035727,0.26693958
43045074,0.33973154
43046245,0.6177753
43074437,0.43151382
43100750,0.43425095
43124703,0.42191145
43175913,0.11492226
43184017,0.21580487
43192812,0.6353744
43214130,0.22990389
43243495,0.23564398
43280099,0.6675274
43300058,0.27036047
43325162,0.89838994
43346854,0.4473768
43433125,0.5395416
43453996,0.3085496
43467285,0.44017893
43506003,0.85468173
43506939,0.3542733
43556246,0.79087913
43633440,0.7781179
43669023,0.45919967
43730931,0.8153792
43751504,0.45339596
43753351,0.39203
43801606,0.70761883
43801813,0.5653064
43806960,0.27620235
43821173,0.13565828
43835016,0.29351407
43869219,0.20402904
43907938,0.43308362
43916963,0.5103463
43918581,0.45345858
43941597,0.4984646
43957579,0.1570787
43962104,0.15037702
43968005,0.42914382
43985545,0.6082503
44029891,0.12544678
44060212,0.5165589
44103933,0.1617618
44124299,0.63182575
44130839,0.56621975
44160245,0.5730068
44199037,0.54865974
44199795,0.52242815
44274164,0.55241525
44284908,0.42209017
44319799,0.19801095
44325600,0.81611335
44416819,0.45150962
44455642,0.31141174
44464397,0.75969523
44466557,0.5933937
44495229,0.84634334
44515592,0.44453883
44521922,0.7785572
44570920,0.42135033
44581567,0.19660622
44593028,0.5585974
44632666,0.10102222
44632825,0.7276792
44662423,0.39999816
44666684,0.67810863
44680427,0.6227698
44708064,0.38816804
44714700,0.3882706
44733932,0.6307407
44758820,0.40944523
44771419,0.11753491
44772204,0.19060889
44829111,0.340502
44859190,0.6546941
44865192,0.23933879
44900801,0.58020747
44933464,0.42165527
44953616,0.2175037
44982602,0.22429213
44995851,0.6631109
44995890,0.7069712
45082517,0.76994646
45114388,0.39350677
45173444,0.4711492
45203352,0.6666337
45211171,0.13473827
45225176,0.41478506
45339969,0.42187688
45340584,0.20291615
45348722,0.36758393
45427100,0.4067031
45431238,0.27984372
45459901,0.35912707
45482726,0.29129937
45510423,0.12079688
45512022,0.5307731
45516707,0.15563162
45525762,0.32806224
45532887,0.1654251
45557459,0.788225
45567492,0.48073205
45575726,0.13937245
45600604,0.37204325
45646491,0.43901008
45659157,0.60898995
45691735,0.3581099
45696212,0.3934668
45701606,0.85653836
45702843,0.33408386
45709137,0.42351118
45757089,0.25862184
45758154,0.71590185
45761613,0.34797007
45772959,0.12411457
45846624,0.4631852
45882698,0.30041742
45885513,0.1253457
45897442,0.90227133
45951692,0.6855378
45959906,0.28617135
45982409,0.4488997
46037128,0.744943
46062086,0.5253426
46074662,0.47016
46110124,0.21613422
46134404,0.4137268
46134994,0.8480509
46142955,0.4655274
46148987,0.62632334
46217685,0.14917985
46259146,0.340646
46270513,0.12986588
46314531,0.744153
46354312,0.3642902
46355843,0.16076536
46366568,0.66655916
46377895,0.6293598
46392653,0.67092973
46413661,0.52648044
46519103,0.23009302
46573779,0.35893756
46581047,0.8421348
46606761,0.66783357
46698940,0.49832892
46705143,0.5845466
46740639,0.31284857
46783234,0.23243567
46812240,0.27322024
46890366,0.13816607
46911385,0.22145717
46949310,0.25597364
46982480,0.19654974
46992221,0.46302882
46999340,0.85473317
47056744,0.869802
47117781,0.21006429
47160860,0.7817965
47169483,0.23857684
47170303,0.16934702
47173984,0.5248155
47263147,0.6927057
47304072,0.2230981
47328757,0.67059135
47350031,0.10890364
47365105,0.16360962
47403260,0.9438784
47409590,0.3402789
47429651,0.3979559
47446562,0.17979494
47446589,0.79233533
47450374,0.30434787
47474125,0.4373555
47490635,0.35124245
47570953,0.21152641
47589106,0.41297144
47607230,0.115650214
47618927,0.5256974
47652409,0.20062593
47742763,0.38766527
47812425,0.46745974
47852172,0.5555109
47895869,0.7693266
47937805,0.6128967
47960112,0.3769799
48023957,0.095065154
48026850,0.38672158
48038681,0.4456598
48047924,0.10365495
48048713,0.115049526
48098545,0.36924258
48150301,0.20780732
48156344,0.88625664
48172242,0.5579185
48198100,0.4224929
48224220,0.3024335
48241710,0.3336328
48259494,0.43385595
48289042,0.3198306
48303453,0.20462383
48417683,0.8683004
48493498,0.23848487
48503602,0.4575332
48611938,0.49251845
48629324,0.20076075
48644905,0.3321896
48655419,0.19980362
48675742,0.7526251
48719830,0.3594476
48746395,0.38408753
48755198,0.25470394
48765335,0.45116702
48770474,0.6816148
48771470,0.6557379
48802270,0.122731574
48805691,0.5241784
48857176,0.38632932
48895853,0.45789135
48923266,0.56525207
48925997,0.5391662
48931494,0.23218134
48971428,0.48651442
49009430,0.2908959
49035738,0.45835912
49061170,0.62974274
49078030,0.6041157
49083661,0.09336714
49095286,0.42214164
49111108,0.08606894
49114415,0.20070894
49141264,0.40778607
49163174,0.1544883
49182911,0.3916828
49220108,0.6697325
49238238,0.45083004
49254761,0.9731268
49285735,0.20891385
49288762,0.68262076
49290573,0.36526135
49314147,0.40734735
49339691,0.48856208
49365990,0.7686138
49386123,0.5334557
49400049,0.6185335
49463493,0.62088424
49465640,0.80268747
49502156,0.8763925
49543927,0.6287692
49572519,0.6002183
49599491,0.54888755
49600907,0.2725703
49604034,0.40679178
49605134,0.88385147
49637817,0.54055226
49648180,0.5970657
49697655,0.39002937
49704666,0.80891615
49749306,0.12581627
49787865,0.8151538
49815462,0.19587398
49867312,0.8105858
49876971,0.58660954
49895677,0.67791104
49903756,0.46062088
49917050,0.27343538
49929502,0.85459447
49979298,0.533344
49980897,0.8334506
50000543,0.27500513
50032971,0.3461717
50034854,0.42710182
50068531,0.36487412
50082056,0.4326276
50116864,0.28987506
50130368,0.34752843
50185359,0.6589954
50188105,0.36914995
50188702,0.571086
50194173,0.3307532
50244445,0.40367746
50246189,0.73512197
50281345,0.64820963
50281633,0.4584794
50340227,0.8451721
50371871,0.31594
50389406,0.630502
50423414,0.38655624
50571226,0.537785
50594749,0.4858143
50598019,0.41998002
50606306,0.049460273
50628612,0.35232124
50677956,0.06673439
50707517,0.21258551
50734471,0.59558976
50797491,0.41424268
50825253,0.08056873
50921161,0.36147913
50988636,0.45527977
51025144,0.38733748
51059596,0.30084583
51070933,0.4833095
51189320,0.48465037
51314893,0.4879525
51324138,0.51662505
51333196,0.31578943
51392158,0.46334586
51413878,0.43245235
51464163,0.21055755
51468263,0.4750721
51468266,0.34614253
51499900,0.4342263
51543682,0.38255742
51549457,0.66650724
51553625,0.2968071
51615730,0.8422427
51619523,0.4187911
51641762,0.7083961
51643659,0.1022268
51734050,0.57535964
51740699,0.19644006
51745515,0.27796543
51822302,0.40084773
51838392,0.15185323
51839664,0.39786595
51845087,0.70138556
51861640,0.42578954
51886931,0.51728773
52091338,0.16420925
52131601,0.652094
52164822,0.8197476
52175576,0.46342215
52216376,0.36913994
52275965,0.51237375
52340213,0.6802816
52358368,0.4013082
52382187,0.70612776
52424807,0.29720524
52433000,0.32744083
52489320,0.5859911
52518753,0.35822392
52549295,0.73852426
52575122,0.4446505
52586875,0.2541624
52588558,0.6175059
52591439,0.36444885
52594600,0.5639025
52612001,0.87259626
52623227,0.21462575
52636150,0.65184987
52658741,0.20720749
52659936,0.8832564
52662094,0.78234905
52685147,0.33146113
52740417,0.42579302
52749529,0.18146704
52802973,0.3863248
52823541,0.17233835
52840860,0.5238819
52874920,0.6597785
52920077,0.6517878
52942037,0.41238084
52999771,0.36509284
53010322,0.33616793
53053662,0.065386064
53056498,0.19806689
53094781,0.36526698
53270690,0.87048733
53275229,0.71480465
53355085,0.6611679
53361712,0.11907128
53430793,0.34990427
53443876,0.4612037
53456419,0.7214364
53468179,0.81885135
53470175,0.43681112
53492952,0.490362
53522229,0.50331795
53551644,0.3439865
53589977,0.37229773
53610753,0.35285893
53653672,0.47839049
53742244,0.7792469
53748811,0.89830005
53754591,0.1165087
53755004,0.8818181
53796916,0.88414764
53799749,0.44791162
53817387,0.3966346
53818229,0.76549774
53848566,0.193697
53882112,0.9288908
53889389,0.7432113
53901395,0.5031824
53923485,0.4908516
53930440,0.3454305
53931678,0.3229981
53979285,0.22488742
54002443,0.40516478
54007135,0.8679776
54022699,0.17723818
54029679,0.69031584
54047312,0.48663515
54083546,0.09989591
54096213,0.6751505
54129921,0.27150524
54130460,0.52138907
54209192,0.8408093
54236542,0.12132812
54281801,0.35755596
54372604,0.24949807
54378637,0.20919159
54418606,0.5371158
54421340,0.70723003
54439127,0.09240962
54441407,0.4515522
54460104,0.8812047
54485932,0.4099901
54491451,0.4026789
54518053,0.7941462
54555974,0.30543485
54741237,0.8640762
54779436,0.1958034
54889824,0.7586031
54982898,0.6929577
55003434,0.45059288
55013765,0.20794262
55038839,0.24818869
55048771,0.7752792
55076114,0.19389343
55083943,0.42638102
55088715,0.31810576
55108009,0.6130715
55115986,0.6831926
55155321,0.45405367
55185794,0.5546276
55192578,0.049635306
55199234,0.6426888
55221263,0.88680613
55234961,0.42848617
55251709,0.5169181
55253976,0.41583288
55271010,0.51735115
55357207,0.6166336
55358788,0.36555254
55369363,0.54283977
55388963,0.34239548
55418175,0.8532073
55483265,0.6232106
55529265,0.9752578
55534785,0.87028074
55541324,0.3798256
55552772,0.11430425
55586299,0.3079001
55651106,0.4948086
55675702,0.578642
55708924,0.7057098
55713164,0.4266747
55746723,0.53467375
55762156,0.30568266
55793767,0.24909414
55799185,0.51404464
55838594,0.50032675
55864383,0.5655535
55875274,0.508642
55878885,0.36968565
55919477,0.6138089
55943826,0.6996955
55961571,0.15409112
55996916,0.37979987
56000334,0.10672023
56012853,0.1554814
56017905,0.7018814
56075018,0.2545146
56086567,0.8259623
56101679,0.35813418
56129260,0.7453919
56159156,0.5381221
56179132,0.91628116
56187152,0.16296642
56196393,0.48472387
56198812,0.27894333
56220704,0.87037426
56228080,0.61689484
56342135,0.43511048
56389592,0.65702194
56419413,0.2532782
56420052,0.29281074
56422922,0.72633755
56439236,0.13141063
56485020,0.79191893
56486360,0.5642688
56519127,0.6046388
56565030,0.53856647
56578583,0.22269696
56589562,0.76266783
56606368,0.32794142
56709831,0.48484832
56755639,0.47429714
56763587,0.43228668
56783348,0.62361777
56783691,0.4501039
56786565,0.6960569
56794966,0.2639843
56818375,0.32566997
56887029,0.36227342
56936197,0.83051455
56937730,0.47950703
56939523,0.49243635
56980102,0.44285938
56988646,0.34746894
57006070,0.64703494
57042441,0.13292503
57045393,0.6644377
57050358,0.25580198
57070076,0.4020574
57153147,0.8023421
57215636,0.31262386
57220983,0.16058302
57249461,0.38216984
57288373,0.27526683
57293688,0.19523905
57295414,0.3774645
57309825,0.43878853
57375958,0.5471994
57451464,0.553088
57512566,0.25375965
57591916,0.59483963
57595813,0.35941985
57604938,0.19144057
57665351,0.14001791
57690486,0.376648
57749040,0.43937504
57753982,0.5253293
57757650,0.49511635
57775609,0.61395127
57823642,0.12497152
57847550,0.47625712
57850427,0.10568789
57886259,0.24757911
57891135,0.7119313
57919012,0.1933629
57928592,0.70167834
57945406,0.7700585
57948758,0.56929415
57984645,0.4758607
58004721,0.80768234
58006798,0.66973007
58021788,0.4777965
58023930,0.5804983
58038456,0.3687658
58040316,0.3193893
58046523,0.39820066
58075552,0.7620282
58082547,0.21335547
58084771,0.66772544
58163794,0.5926675
58199695,0.5528968
58266143,0.7794002
58355955,0.7567949
58444075,0.46716973
58473772,0.33649534
58587337,0.42552933
58609411,0.30735028
58610022,0.86286724
58691571,0.38801378
58713656,0.7100348
58754755,0.51315755
58822685,0.31738964
58838122,0.5172138
58849512,0.73188365
58850590,0.4859701
58851931,0.46993697
58927964,0.62877953
58939019,0.09667229
58979178,0.24659127
59001640,0.20213234
59053159,0.88212174
59074588,0.51699126
59149631,0.8766229
59167103,0.46188036
59211382,0.52970016
59233664,0.9234419
59298345,0.3811254
59313494,0.46649244
59349430,0.50434256
59396928,0.2740124
59447114,0.23926394
59500358,0.29184604
59561460,0.2300854
59612277,0.14164464
59624852,0.07209229
59627043,0.23311289
59651963,0.67781246
59709592,0.29561946
59723709,0.47473037
59728965,0.57549417
59763029,0.01526593
59818124,0.4210941
59836870,0.91717124
59839451,0.36535296
59848566,0.48972675
59863981,0.31007117
59867751,0.3928749
59871591,0.9427734
59880944,0.24448566
59912360,0.46374926
59956175,0.63555294
59994859,0.40693268
60004384,0.9386023
60026690,0.26320538
60029265,0.6390028
60037001,0.3475959
60046225,0.8531581
60064419,0.31764147
60070226,0.24906312
60073858,0.5036629
60111796,0.41805726
60130204,0.5752463
60145396,0.18108742
60183563,0.36029294
60185978,0.5469992
60228118,0.15127228
60248313,0.28066462
60309698,0.6390885
60320033,0.24336582
60340891,0.87728363
60374532,0.49362877
60405817,0.42858148
60434712,0.20404395
60446415,0.30896962
60516576,0.64381796
60525551,0.13408275
60545607,0.6220036
60708146,0.5353548
60743141,0.1814441
60743656,0.5391347
60751900,0.32783276
60791671,0.7871248
60859745,0.05155482
60895734,0.61841595
60922466,0.17649803
60944935,0.34017488
60953316,0.33590826
61009373,0.439784
61016907,0.1963533
61034383,0.56855
61077537,0.9102141
61078488,0.26362517
61123305,0.1153306
61133128,0.75877744
61145296,0.28397176
61192669,0.91123235
61197025,0.4343627
61225878,0.15577236
61244703,0.30823064
61287858,0.48013958
61301814,0.262522
61312532,0.52915543
61317308,0.46950802
61324530,0.34974808
61335203,0.21190469
61385934,0.0791655
61436963,0.42742756
61444633,0.7670949
61455368,0.65359396
61463117,0.79743826
61463328,0.31764585
61511533,0.29611894
61520864,0.8369947
61542297,0.8309929
61561173,0.5111926
61598535,0.2573775
61613971,0.3876203
61628505,0.3550219
61630225,0.31857225
61710092,0.19476111
61713959,0.5311056
61715380,0.44623065
61733281,0.17251228
61758325,0.23903118
61774332,0.4695672
61781661,0.3745335
61783531,0.14013506
61796054,0.98477465
61796054,0.98477465
61799579,0.15067317
61813188,0.20266607
61845978,0.536954
61853422,0.3596977
61942604,0.6364439
61968077,0.5637369
61978280,0.8463124
61990441,0.47946817
62001381,0.502051
62030642,0.13969384
62044192,0.5589324
62052075,0.52063006
62140553,0.38603878
62155762,0.4908713
62168921,0.28029066
62186405,0.28155664
62245522,0.38136193
62258087,0.52133524
62309471,0.97270995
62337080,0.32027307
62353531,0.25072595
62379003,0.41192627
62408292,0.71337134
62408586,0.80398333
62423418,0.22476825
62427467,0.7147375
62434324,0.18174039
62509484,0.5212922
62572152,0.46829867
62586401,0.4585449
62598132,0.49140975
62666744,0.20524311
62679832,0.3612278
62727101,0.14926367
62745906,0.7470282
62752982,0.68746847
62760931,0.23822643
62778413,0.3082319
62821040,0.5509851
62832400,0.21250196
62886702,0.39464027
62903374,0.56245416
62935972,0.4558893
62941427,0.72021866
63022546,0.48991826
63030316,0.90531003
63109769,0.76155424
63110013,0.4690912
63114071,0.6507737
63133456,0.4266054
63144428,0.14124376
63146105,0.32553485
63233186,0.033330765
63254157,0.8247422
63265381,0.3292171
63273720,0.3952837
63281295,0.5484959
63299169,0.92336005
63304022,0.3874701
63387944,0.17909457
63389358,0.542272
63394997,0.30694976
63445893,0.6468913
63451946,0.8064979
63474988,0.91061974
63476418,0.6936036
63481603,0.34230056
63532469,0.307158
63578851,0.4809656
63581453,0.31573507
63640377,0.2708033
63654730,0.34149113
63660394,0.390505
63661024,0.17155701
63688905,0.3858858
63711780,0.45002025
63720618,0.8835441
63738439,0.4503906
63770741,0.3328768
63791366,0.96323884
63801566,0.15243725
63815810,0.33530128
63833221,0.35864457
63842332,0.51463395
63850645,0.124356866
63852015,0.53831017
63862815,0.65466905
63879297,0.45863312
63880907,0.36179087
63886354,0.29006657
63923246,0.71813726
63944126,0.3825772
64004910,0.21112756
64017478,0.17014857
64026830,0.606618
64029834,0.69805175
64056554,0.3857364
64070636,0.4420223
64087631,0.40282267
64128304,0.5933798
64136501,0.5452143
64152962,0.4813458
64172822,0.9276973
64228662,0.6077265
64243199,0.2856528
64261604,0.36542556
64312830,0.33091968
64359200,0.09779276
64398432,0.5121396
64410602,0.12045888
64472759,0.42535922
64497822,0.8328778
64510946,0.111994855
64568634,0.37165076
64612686,0.35825533
64615129,0.07727732
64627292,0.25702462
64634486,0.56382185
64647717,0.20565854
64689367,0.68654966
64694340,0.86140734
64700052,0.265985
64718123,0.7505451
64727059,0.17120571
64756863,0.3645537
64772015,0.5969652
64829915,0.40287483
64855819,0.57100064
64862509,0.21893339
64879985,0.3505142
64887559,0.35515344
64952541,0.19639191
64956931,0.59002364
64977335,0.34844622
64980975,0.22450496
65015384,0.49327388
65082603,0.2724279
65102839,0.22148074
65105434,0.37098292
65154523,0.5150685
65158867,0.21060158
65218458,0.40977046
65220358,0.75113916
65220466,0.32516983
65224677,0.5013722
65231233,0.13669127
65234865,0.6625858
65283526,0.5873222
65298387,0.30486235
65309740,0.22534093
65335407,0.6798934
65335641,0.75296414
65384696,0.8039072
65393099,0.51959324
65423932,0.5743104
65460714,0.38770467
65460931,0.48030668
65526075,0.2366627
65608139,0.93449473
65639862,0.12857084
65658944,0.5003255
65734444,0.4374472
65745245,0.22440507
65758751,0.7596207
65876954,0.6443509
65891854,0.2352488
65933176,0.8321731
65945953,0.13841149
65956325,0.3704249
66061266,0.8866935
66096689,0.7423546
66119425,0.23401909
66143775,0.38747287
66146116,0.19300671
66171394,0.32929856
66190992,0.22287266
66206996,0.49200398
66227697,0.5033584
66241278,0.42929527
66256416,0.629766
66287048,0.5856528
66367958,0.19267932
66372978,0.9439083
66391854,0.7728926
66418902,0.8348964
66434526,0.7729822
66495185,0.52690506
66532772,0.55645174
66557169,0.1488858
66575542,0.4226969
66588178,0.6973485
66628884,0.37492803
66679335,0.6735448
66714675,0.71411306
66717911,0.32385266
66738934,0.7855464
66743297,0.46863136
66751696,0.7248482
66802399,0.61751276
66813517,0.6882075
66838542,0.89711314
66843516,0.54507536
66864421,0.5259977
66894927,0.75431234
66956350,0.38110045
66986757,0.85518456
67014164,0.70112985
67080684,0.23677023
67087438,0.44176084
67088724,0.14248471
67106063,0.4169824
67175981,0.9338089
67216029,0.18963404
67257684,0.79592836
67271436,0.2602634
67280871,0.46399754
67327004,0.5542395
67334854,0.23113027
67383663,0.3616356
67453486,0.316872
67473291,0.9400176
67480620,0.24410148
67595521,0.22380108
67596113,0.37314934
67628722,0.8412718
67642602,0.7523571
67650676,0.26946157
67665729,0.23235959
67680924,0.5311833
67710245,0.4856266
67715187,0.5982547
67761403,0.15218614
67818644,0.38624233
67828097,0.046955686
67843345,0.41077527
67874003,0.94134015
67881606,0.12387522
67939153,0.75409347
67945756,0.3797268
67948907,0.38141397
67984042,0.45527518
68051153,0.84400314
68089024,0.7510332
68090845,0.4770536
68123922,0.6735928
68173839,0.7167348
68178858,0.43383142
68191064,0.23853956
68234295,0.82923776
68248010,0.6572116
68257594,0.3158075
68273832,0.7756596
68326027,0.48786226
68368659,0.40979466
68371332,0.6601414
68393589,0.14266047
68399884,0.4183538
68428305,0.3358867
68540284,0.87691563
68600759,0.7009491
68651573,0.46308362
68742453,0.08120739
68753997,0.29860497
68779832,0.37999326
68799656,0.21589862
68800304,0.8417843
68824824,0.37614325
68845980,0.18314898
68874729,0.22139093
68885379,0.2231383
68961483,0.63611495
68961647,0.69471097
68988272,0.5271597
68993750,0.40302488
69057138,0.31198844
69086434,0.6752194
69131449,0.6818814
69132063,0.4392165
69142971,0.6086858
69148229,0.309553
69200489,0.78505236
69202436,0.25108027
69284063,0.51088387
69313142,0.5204205
69401263,0.48872095
69447665,0.48827407
69487700,0.34235072
69512175,0.29660723
69524587,0.24420819
69546316,0.54610544
69586432,0.52978706
69587520,0.0723632
69609386,0.35418338
69613297,0.40920138
69628963,0.3756341
69639969,0.4294557
69683810,0.25268397
69693001,0.5274184
69705190,0.8634891
69711372,0.50010103
69715217,0.46197715
69765249,0.06583119
69781882,0.44761023
69782822,0.16328008
69868888,0.43935493
69886005,0.6049819
69925212,0.38116488
69973522,0.54979825
70027904,0.71468925
70050692,0.84574157
70067992,0.5119306
70114420,0.45645672
70128202,0.41416553
70143123,0.09156374
70168817,0.45446914
70178916,0.8203759
70207491,0.51565635
70225938,0.16304676
70255884,0.7311118
70259852,0.457033
70277633,0.49888474
70302931,0.07811608
70306450,0.48903096
70323790,0.66973525
70326821,0.30363122
70360096,0.4958866
70391198,0.5521583
70420440,0.5600486
70426342,0.4850271
70431954,0.56417435
70454187,0.8816252
70473209,0.98575425
70486266,0.41171753
70502896,0.20243429
70510571,0.80643797
70525253,0.20793714
70532099,0.05304673
70570397,0.8173297
70585961,0.9307747
70624880,0.26223797
70635851,0.49934378
70666604,0.84613705
70678764,0.33069158
70690635,0.85761523
70711430,0.65180564
70734869,0.45155025
70738904,0.75572556
70749151,0.5813941
70756441,0.5665614
70790743,0.24447758
70819605,0.08969018
70837587,0.94084924
70848169,0.47278047
70883403,0.77147335
70888346,0.6855428
70892549,0.201712
70892783,0.26938826
70895667,0.8280355
70921924,0.7277254
70930381,0.33737972
70939175,0.48413584
70972809,0.6247707
70982049,0.2869976
71000193,0.6007672
71118529,0.05885488
71160914,0.37093425
71172808,0.7453412
71190411,0.435451
71211832,0.72719705
71213789,0.08793603
71225839,0.7053636
71256126,0.1230015
71263781,0.18074372
71311316,0.4138285
71466187,0.3404218
71471760,0.062270105
71485222,0.133769
71513657,0.8686166
71516645,0.67391074
71549503,0.5291347
71577803,0.37316272
71599076,0.24010247
71607343,0.62529325
71632352,0.9401945
71644043,0.7110289
71646377,0.72123516
71648241,0.68289435
71654211,0.5684184
71719624,0.40761304
71746746,0.38545203
71759640,0.24638659
71763484,0.43534225
71803482,0.7620898
71812094,0.44132555
71835764,0.22372165
71865788,0.26393566
71867287,0.4143721
71874115,0.53600067
71902723,0.18395613
71911679,0.5223376
71922409,0.32431743
71966532,0.15492997
71982064,0.47521892
71996109,0.5281826
72033624,0.9708812
72078831,0.23263408
72087231,0.75996447
72099201,0.29972896
72107908,0.42278594
72149080,0.120301604
72188664,0.49751562
72200763,0.42198288
72224381,0.65349835
72301958,0.3109301
72327046,0.8957364
72430383,0.68067795
72469614,0.30804366
72470388,0.5123806
72530373,0.27656272
72534932,0.35517812
72547488,0.46595797
72566501,0.13797368
72568668,0.6827398
72570760,0.3903354
72575284,0.8523002
72576023,0.1323195
72577730,0.1871137
72586209,0.4198847
72605688,0.33892196
72617904,0.5934048
72646455,0.24995768
72662346,0.61213833
72665325,0.62380314
72674186,0.73030657
72735622,0.51684535
72760153,0.6134409
72780460,0.5856764
72802446,0.19667317
72805553,0.41278473
72805662,0.10636682
72818498,0.5482164
72834202,0.76221365
72851893,0.41007078
72855316,0.2235967
72896314,0.36305484
72908719,0.79461205
72921986,0.8074161
72943900,0.96825063
72956635,0.4904164
72959227,0.40124366
73001101,0.29986507
73006095,0.4869802
73020625,0.2739283
73024764,0.1410874
73025235,0.4420208
73031784,0.70362765
73033241,0.3051062
73067127,0.0576912
73110554,0.4720623
73117692,0.32311243
73139150,0.5333714
73182529,0.042321324
73197097,0.52144253
73197417,0.1810774
73205353,0.68773425
73221113,0.26600984
73227910,0.45837414
73238226,0.41187674
73257334,0.46135044
73263137,0.6437017
73263344,0.8375171
73300172,0.4253663
73374980,0.48576596
73380812,0.68654364
73402777,0.2159621
73426176,0.2041313
73448532,0.12015353
73459433,0.5606311
73474493,0.42253843
73510477,0.33632654
73538858,0.8007594
73580357,0.31046328
73584882,0.14421141
73599818,0.62566835
73649979,0.11087087
73685445,0.2843107
73778310,0.7008192
73778579,0.15006986
73895152,0.7003735
73963911,0.3021119
73972092,0.70264
73985249,0.18006718
74040897,0.6594938
74041795,0.14318207
74082471,0.20194419
74085720,0.2330749
74129296,0.48048648
74132202,0.16462643
74134155,0.119765095
74144325,0.37327647
74173548,0.7220106
74218826,0.4420411
74280926,0.5362067
74285914,0.26468596
74331777,0.91435456
74332639,0.28398973
74351422,0.5359573
74428668,0.369597
74476679,0.71232635
74619328,0.18898767
74639060,0.617508
74667149,0.42113483
74708086,0.3202564
74760028,0.1311206
74800099,0.8239378
74854618,0.78222185
74856664,0.11471381
74870263,0.39203268
74878201,0.6826911
74917343,0.33776656
74942122,0.88629645
74951485,0.59811634
74975576,0.16309123
74993422,0.6017381
75078586,0.2795975
75082331,0.7235538
75101515,0.49233392
75131411,0.40754142
75152402,0.8726694
75156736,0.7584475
75215258,0.31460774
75278479,0.59927833
75346002,0.46361214
75360806,0.25708455
75405781,0.71075904
75405930,0.5994781
75439876,0.18010448
75445093,0.5281193
75463975,0.21506797
75472683,0.33457232
75474815,0.6027685
75496316,0.327432
75521890,0.44099525
75562265,0.6454329
75562483,0.30866915
75581098,0.68471104
75724912,0.68662506
75733224,0.39709494
75739243,0.31133056
75846272,0.25266686
75859815,0.1660573
75991312,0.38431332
76010375,0.9238062
76012702,0.4131641
76043922,0.093587175
76058479,0.5169033
76071190,0.5418975
76096102,0.820689
76111213,0.85328597
76113396,0.7586775
76123682,0.724717
76132762,0.09527991
76182785,0.12361865
76275465,0.4213968
76279638,0.5270501
76295130,0.13947977
76313007,0.2983105
76316323,0.93646574
76343616,0.26786798
76348095,0.77348834
76362870,0.54633915
76389630,0.32965863
76477099,0.4558801
76508197,0.083929665
76547967,0.93072927
76566285,0.35075775
76580001,0.44360858
76598280,0.62661475
76606343,0.8625535
76655905,0.34499452
76716437,0.66228783
76722928,0.47017586
76770632,0.5264582
76844676,0.5319103
76844980,0.44128695
76922612,0.35993007
76924312,0.4346149
76932822,0.30499795
76955574,0.45795935
77005402,0.28568417
77010833,0.69254094
77019439,0.32989952
77031071,0.3594011
77044325,0.36820498
77084405,0.48668745
77134120,0.34872988
77148640,0.89600706
77169964,0.44096544
77190492,0.38743648
77197301,0.674449
77226156,0.19075684
77245317,0.042478632
77249213,0.27721423
77258785,0.6458781
77275321,0.70878965
77277302,0.5596602
77283889,0.4981723
77320734,0.6504597
77388478,0.37288448
77391649,0.66501373
77435966,0.28621244
77493006,0.2970465
77592534,0.39010262
77634195,0.3627436
77686369,0.4834168
77740256,0.13193043
77742800,0.32792118
77773677,0.8303166
77825659,0.12531298
77856088,0.5338823
77862154,0.1579932
77874706,0.793015
77880992,0.7554121
77992281,0.24873333
78016866,0.5926929
78045598,0.43940136
78066879,0.56543
78085289,0.30723092
78103849,0.39185232
78121191,0.32525563
78153509,0.3107528
78186078,0.82837737
78202726,0.6454635
78223460,0.31753615
78237178,0.57336754
78374578,0.31948665
78408006,0.7424781
78476887,0.38656625
78541979,0.5547803
78548598,0.68381655
78567402,0.24866547
78585529,0.38077718
78593569,0.3788096
78629672,0.7541429
78649713,0.35585994
78665301,0.49827838
78714161,0.6491986
78728860,0.3699967
78737613,0.8273579
78738215,0.85778016
78771111,0.25222805
78847089,0.26241276
78917074,0.37586433
78941524,0.14405306
78955924,0.38672584
79038293,0.7264134
79161779,0.6342114
79180109,0.3655455
79206023,0.30311266
79234200,0.3889455
79234235,0.81956095
79244056,0.5787169
79244627,0.37135527
79274575,0.5631786
79278466,0.38934848
79280282,0.37151143
79286032,0.13672613
79340305,0.2682547
79363745,0.49138227
79405352,0.64911765
79414195,0.5736223
79422293,0.30966458
79424199,0.85416615
79431697,0.25978133
79434044,0.8579118
79452683,0.6403435
79471746,0.38151905
79482155,0.60908246
79492634,0.16793305
79503987,0.068449326
79518624,0.5707212
79583123,0.4838681
79620564,0.11698179
79637922,0.117163725
79708376,0.59938914
79717877,0.11166361
79733502,0.31045803
79743129,0.21747397
79784743,0.59597176
79791349,0.35326186
79840653,0.6754169
79867228,0.68755925
79875919,0.82703036
79937759,0.2774757
79963943,0.42684436
79986613,0.16968302
80021276,0.75842685
80092328,0.50264806
80112107,0.41034207
80127004,0.569495
80140412,0.039603986
80174742,0.4530166
80216017,0.27782112
80219999,0.5317575
80223109,0.6787086
80229606,0.80878055
80235969,0.42547196
80240089,0.75975674
80247250,0.59127176
80269026,0.5901599
80278552,0.62873787
80292281,0.9192802
80301732,0.5507672
80324834,0.23940048
80339866,0.9317352
80383406,0.38394234
80410859,0.7226063
80444902,0.20488149
80470048,0.45256793
80557463,0.5041735
80591981,0.5336644
80599627,0.27022678
80599806,0.85953325
80600060,0.49026108
80615590,0.71811116
80647302,0.6111871
80680534,0.5241117
80742712,0.8177827
80777190,0.16936722
80777234,0.49551705
80783299,0.32096532
80795846,0.7145641
80795959,0.41971532
80877376,0.16130352
80882045,0.38987094
80902013,0.46997878
80921652,0.56766206
80932478,0.4881749
80946485,0.19446282
80954841,0.30120894
80977744,0.6440038
80981100,0.9130618
81019657,0.3637288
81058555,0.21417704
81086442,0.63147753
81135337,0.4010472
81170837,0.3781098
81176688,0.34882587
81186549,0.53783333
81205414,0.3986439
81205700,0.7057823
81249417,0.70776147
81254554,0.64947325
81283191,0.64164656
81330533,0.92128026
81331404,0.6121431
81374126,0.52409846
81428597,0.3227558
81429049,0.6127218
81442390,0.38064107
81456554,0.4403524
81479825,0.87370265
81483040,0.28418297
81583222,0.1864264
81671241,0.78861105
81727321,0.42383537
81765820,0.46574113
81812013,0.51967967
81862398,0.39030698
81887146,0.57611346
81898530,0.6255055
81900784,0.5125879
81972666,0.22736509
82029848,0.09925237
82064262,0.5934561
82070267,0.18816324
82114742,0.869818
82127108,0.9364982
82174396,0.3714007
82186195,0.505223
82192368,0.15231892
82234503,0.6883636
82244228,0.027184334
82252018,0.12753923
82268474,0.6937742
82294843,0.53267425
82308369,0.89989066
82376585,0.6185272
82376700,0.7541396
82384335,0.41875985
82433747,0.3618686
82539477,0.33112702
82547399,0.30219704
82561709,0.33704856
82581973,0.92206
82596628,0.48904195
82665096,0.1928459
82670667,0.06485925
82683681,0.57376945
82720641,0.12691996
82759519,0.91861564
82760821,0.7189378
82772349,0.50919175
82777964,0.43790215
82797588,0.15891635
82798642,0.16363004
82839957,0.14652686
82873839,0.3145014
82904098,0.5876954
82906365,0.09302241
82934797,0.34395787
82970785,0.3397319
83017118,0.36389443
83072268,0.47162506
83073247,0.7329119
83193869,0.6185083
83203206,0.39551145
83215423,0.7117706
83216267,0.23800467
83258118,0.44082338
83260097,0.82995224
83261662,0.32690853
83266060,0.4163711
83334930,0.25317943
83340880,0.5384603
83370979,0.89785826
83399464,0.25929123
83441417,0.37830764
83490400,0.42625582
83517007,0.1331038
83519788,0.41315514
83566651,0.65195394
83627582,0.21271394
83720437,0.6252669
83724633,0.18451507
83759123,0.76496685
83793452,0.40248182
83846827,0.4877902
83902689,0.18505827
83907805,0.41437528
83941637,0.3890738
83943760,0.8575475
84077404,0.351855
84080831,0.564259
84103169,0.48950043
84130274,0.349058
84148408,0.16724037
84155118,0.8404775
84155622,0.620439
84194040,0.5465273
84203354,0.56618744
84277284,0.41459063
84380814,0.395329
84403363,0.17958418
84422977,0.8552435
84425967,0.84146047
84430668,0.53853476
84457808,0.551632
84477305,0.28596738
84499692,0.33215043
84534351,0.3582613
84561375,0.5632954
84576470,0.5426941
84591427,0.33456382
84592673,0.1850593
84608194,0.6149473
84656973,0.33892497
84674282,0.5848577
84710659,0.35952115
84734887,0.7379772
84795885,0.23096983
84816985,0.3965251
84841544,0.41230357
84846919,0.8641269
84848102,0.4369836
84868136,0.7922621
84940280,0.7633204
84979902,0.51008964
84998727,0.691823
85086733,0.2851175
85102588,0.33988616
85169712,0.16859867
85187502,0.6273025
85202027,0.9154748
85219732,0.29115617
85284514,0.30555877
85302434,0.34379473
85372378,0.4604359
85384756,0.6928662
85493138,0.45972672
85572010,0.25669655
85614078,0.22666483
85626879,0.19238317
85635610,0.44588655
85648406,0.5110155
85660140,0.5329833
85664430,0.4395859
85678569,0.19444889
85681838,0.5019169
85686490,0.46105134
85695839,0.13473055
85783576,0.4583147
85815529,0.07685413
85821996,0.24012491
85834562,0.49095637
85854450,0.69469684
85861930,0.51928043
85862087,0.095998816
85862843,0.15740977
85884054,0.48626348
85890860,0.46427083
85923483,0.5688526
85971877,0.6629834
85985640,0.7618237
86000591,0.5109046
86007707,0.46715537
86015389,0.79865074
86049742,0.8646644
86147502,0.48639637
86153858,0.24993898
86199849,0.6691152
86200878,0.7981906
86240133,0.6015751
86244234,0.7545273
86274674,0.67026407
86304957,0.4850657
86305054,0.37806407
86327634,0.50101244
86360614,0.29137832
86369588,0.21405058
86370215,0.64274955
86416983,0.6547551
86446782,0.47672135
86467196,0.6143177
86499264,0.87636036
86499817,0.7075238
86509530,0.3495561
86538345,0.2763192
86544211,0.1783321
86569593,0.12400773
86605121,0.45760322
86629509,0.5585557
86639682,0.52538955
86641978,0.6093069
86671427,0.7908566
86680398,0.1705917
86682224,0.57851684
86689546,0.36856055
86690867,0.60279936
86695282,0.59749335
86714506,0.42868388
86727725,0.25771537
86731830,0.20420744
86759507,0.20424059
86796306,0.29053032
86829925,0.5750516
86841018,0.7517669
86865629,0.4537661
86924089,0.47287023
86941639,0.39377216
86968171,0.9507807
86985779,0.80111736
87003793,0.1285629
87029440,0.6686856
87084168,0.22367942
87125342,0.115849495
87135380,0.5763949
87136979,0.529339
87222013,0.57079
87301914,0.50993156
87391363,0.13690838
87410536,0.68075085
87450579,0.36741412
87450603,0.6681929
87455713,0.2992615
87460303,0.13978985
87481444,0.39527074
87567939,0.1668766
87655247,0.36161527
87667031,0.48896727
87670097,0.8445294
87674501,0.18537378
87679024,0.22643948
87679623,0.3624502
87691321,0.64508796
87695373,0.8667378
87729038,0.3887807
87732921,0.48060188
87784181,0.36685798
87830992,0.20286795
87851013,0.70045733
87866237,0.51105505
87891115,0.44585612
87902560,0.3400516
87923873,0.13140085
87945762,0.8075084
87961010,0.32030186
88006900,0.29278928
88062761,0.5404009
88131351,0.4686901
88154104,0.5374765
88183948,0.53212327
88227575,0.72421634
88229777,0.10520288
88288737,0.37042594
88300913,0.7551236
88330641,0.5761875
88351231,0.54713607
88365698,0.09700317
88381579,0.8177672
88382859,0.46632934
88442358,0.46469262
88450089,0.3722858
88478994,0.27303967
88515012,0.15595418
88536358,0.63654935
88565756,0.37005973
88606839,0.17922305
88612631,0.34725353
88668155,0.18803076
88679468,0.79061586
88713629,0.270663
88727220,0.7241528
88727545,0.61049336
88750461,0.18705703
88762055,0.9005963
88794218,0.3550307
88845524,0.25816357
88887169,0.92260814
88924303,0.3703476
88936620,0.23510294
88938877,0.5198765
88986376,0.6919855
89019714,0.8347083
89054135,0.27024472
89061590,0.4643114
89069735,0.47843847
89095703,0.6395231
89148908,0.61370033
89157170,0.2054439
89206126,0.6711224
89235739,0.6298219
89267268,0.87351996
89321452,0.4200956
89323856,0.76031154
89361850,0.36917531
89409884,0.38672122
89431544,0.6546572
89470916,0.23996225
89501240,0.7515072
89573230,0.19011228
89613115,0.30246323
89619970,0.72660345
89647691,0.48796085
89653769,0.39031842
89700094,0.4217751
89721350,0.29799175
89740943,0.6935007
89761230,0.59558773
89786835,0.5209197
89938970,0.4855023
89963751,0.20951252
89989620,0.54946333
90053651,0.8656835
90072280,0.91915846
90081271,0.6891282
90134592,0.4510567
90169769,0.37418655
90184033,0.54951406
90199889,0.6947531
90278223,0.09421544
90345699,0.23376232
90350810,0.2740537
90370030,0.52229106
90408943,0.8005792
90514029,0.6231141
90553172,0.6030213
90577004,0.4169261
90607472,0.5662238
90691233,0.3545159
90700555,0.4091469
90732869,0.40566584
90756257,0.102745086
90759096,0.22432154
90759354,0.1670374
90773101,0.8655802
90820233,0.4830632
90858767,0.6338034
90879835,0.34509677
90891731,0.42422715
90918201,0.291134
90923818,0.6500418
90936101,0.26388106
90949661,0.77077186
90958995,0.31425232
90961024,0.5712875
91097165,0.26697436
91097632,0.8156045
91101111,0.41240558
91101945,0.38091522
91116884,0.22715956
91128848,0.26980582
91173477,0.49920365
91183805,0.822156
91200815,0.15152025
91230552,0.38538322
91237635,0.36642158
91248192,0.45446897
91248365,0.9555576
91278241,0.49179786
91301143,0.7149941
91395350,0.43227452
91403118,0.51640683
91408264,0.329743
91417170,0.2809732
91424577,0.4752425
91470172,0.8546274
91477604,0.29058778
91485618,0.8071158
91524184,0.4783181
91541254,0.65930575
91575818,0.18957162
91632940,0.5617605
91647598,0.22049874
91681704,0.70350784
91683449,0.5509285
91710155,0.8875645
91712876,0.3678095
91764449,0.095852755
91848781,0.35904703
91850106,0.7277627
91869702,0.23327343
91937494,0.5705636
91974511,0.9459391
91996945,0.53750753
92052392,0.5168892
92056774,0.95351064
92058958,0.14702228
92084454,0.43625993
92097660,0.7094217
92142815,0.45401898
92143960,0.34490392
92152611,0.587705
92177496,0.88281065
92177979,0.66097546
92197764,0.8433694
92259194,0.43903598
92316134,0.07133767
92378036,0.36326265
92413508,0.56615895
92418320,0.31734717
92491235,0.34387016
92535930,0.37701198
92569234,0.8101634
92584117,0.7747763
92627852,0.46137762
92636266,0.39440176
92686005,0.07095866
92702941,0.5034172
92740981,0.6651812
92785744,0.73387825
92794277,0.6810589
92820759,0.4067608
92843976,0.25660422
92858142,0.43177423
92867125,0.25542933
92874020,0.41963693
92919566,0.05769699
93022789,0.6337879
93031909,0.18030785
93035249,0.4475284
93097060,0.4467828
93097735,0.37030572
93115285,0.257513
93123732,0.4574188
93183173,0.38484037
93221804,0.23875073
93267321,0.5038735
93314098,0.35363433
93329704,0.18172224
93361647,0.68001705
93366462,0.36410236
93369119,0.528082
93389766,0.10550205
93419578,0.5834319
93428215,0.5462694
93470404,0.12441396
93489804,0.67069286
93501484,0.48460037
93554277,0.448013
93559700,0.97514015
93572416,0.9134931
93636779,0.30178064
93677449,0.5885704
93682887,0.15159623
93683614,0.5179564
93699607,0.14800298
93798164,0.74425447
93803703,0.877811
93805180,0.18092087
93851389,0.3654018
93971006,0.7712305
94012245,0.1570093
94018403,0.29604217
94030669,0.8000355
94050884,0.45080596
94060979,0.60145617
94064467,0.17086785
94110803,0.6212171
94156006,0.60521436
94157282,0.33936936
94166854,0.3476229
94180042,0.58422107
94209253,0.28018054
94211449,0.29514706
94225315,0.69292843
94271606,0.55570155
94284222,0.8793822
94308769,0.28701326
94322959,0.71799964
94332415,0.1193229
94338187,0.4546817
94358239,0.2746357
94362880,0.5507936
94367969,0.63324136
94388569,0.75849646
94397499,0.21449062
94401954,0.29701376
94422888,0.14422497
94425915,0.73100084
94510903,0.2968846
94513734,0.77155954
94544913,0.6310377
94546274,0.3449107
94599009,0.14647974
94601019,0.28305078
94603349,0.4875961
94619955,0.89108396
94668608,0.69266677
94680386,0.21287706
94702439,0.53493273
94724607,0.6425263
94751380,0.9677654
94761433,0.07560047
94820148,0.5121095
94822605,0.6097113
94852692,0.9025633
94864243,0.33579737
94887386,0.6443276
94899216,0.71103275
94925004,0.19985949
94982732,0.47686422
94999085,0.27262616
95016087,0.29533574
95046694,0.22576556
95088517,0.31294766
95110266,0.70392525
95154029,0.66436434
95202077,0.040559262
95242792,0.8529153
95335790,0.8506835
95428946,0.5019002
95452501,0.682088
95459686,0.59289765
95475172,0.3503218
95602389,0.6224045
95621309,0.64293
95682784,0.25136712
95687369,0.44926
95688478,0.5133224
95724637,0.7980137
95731809,0.28764665
95748592,0.72021997
95828906,0.29048473
95852599,0.1957716
95873844,0.25129536
95907556,0.3794611
95942495,0.39839
96016945,0.23082681
96083218,0.4759185
96131268,0.5282476
96151095,0.3500067
96176950,0.5585081
96197691,0.60085505
96225247,0.6309524
96249591,0.2693503
96257179,0.27400264
96275671,0.54842466
96297127,0.83576465
96319425,0.835209
96345792,0.6210517
96438067,0.77733576
96439369,0.51291025
96458290,0.21757023
96496203,0.41934577
96541740,0.43638533
96557810,0.810172
96626493,0.12125835
96651881,0.5730028
96661157,0.16306928
96666345,0.7386493
96814440,0.16685514
96821552,0.093455374
96824387,0.23423897
96833464,0.098911546
96866054,0.5430338
96889493,0.15497565
96915451,0.303136
96934809,0.38284323
96955120,0.77051544
96975786,0.8677914
96998453,0.43023047
97047880,0.23525573
97068969,0.62849987
97076546,0.61382306
97084564,0.27095503
97169970,0.60396874
97221648,0.3222416
97262944,0.6056399
97359689,0.49056703
97376938,0.870292
97502266,0.11213987
97513780,0.17527075
97517538,0.45774004
97534328,0.57468295
97542198,0.20754907
97567417,0.28261074
97586387,0.26607677
97645998,0.6732509
97666258,0.09104869
97687262,0.2961191
97715009,0.38856712
97811444,0.26853508
97837122,0.23162204
97869349,0.61058986
97872286,0.344345
97913958,0.68111354
97913958,0.68111354
97913958,0.66853535
97921609,0.5925481
97938106,0.6212806
97986854,0.66079015
97993598,0.22680691
98047150,0.3943594
98137482,0.259094
98143403,0.41981125
98146967,0.68775034
98151823,0.5450196
98215373,0.58827543
98273636,0.076402046
98276580,0.22783922
98282423,0.6581992
98313092,0.40908122
98362353,0.7552721
98373084,0.9294025
98404918,0.43954596
98434538,0.32591662
98446132,0.3056914
98455054,0.25424388
98465384,0.09992063
98513618,0.9688163
98602458,0.86658406
98605442,0.58990777
98687107,0.5006451
98704281,0.37979418
98751596,0.3194354
98762469,0.6337733
98767924,0.3159999
98860154,0.751615
98882512,0.2754982
98891307,0.29156
98963859,0.39055467
98991212,0.29114658
98995299,0.3905814
99014776,0.71380323
99074250,0.4868668
99094186,0.08496612
99141554,0.75812703
99149408,0.1504067
99165645,0.18625462
99194934,0.409742
99220694,0.82718706
99225265,0.8816559
99266697,0.3326069
99305752,0.32767126
99331069,0.44201154
99418967,0.08546049
99544631,0.2333672
99613276,0.1846998
99623433,0.33671686
99643686,0.17215191
99652208,0.16748767
99713467,0.113151394
99729098,0.42761764
99751100,0.20220634
99785861,0.1027445
99804009,0.41263846
99836889,0.42579976
99849278,0.3448514
99888537,0.38542697
99918216,0.6381601
99938948,0.11126157
99953525,0.27097034
99985917,0.33867928
99991245,0.89375544
